name,ssn,address,country,age,gender
James Tanaka,242-23-9935,1425 Elm St,Peru,46,male
Mary Smith,338-74-1434,9196 Oak Ave,Brazil,45,female
Sofia Mueller,928-10-3615,6925 Park Rd,United Kingdom,53,female
Maria Kim,204-21-7224,1585 Park Rd,Egypt,61,female
Camila Tanaka,847-68-9785,2046 River Ln,Kenya,23,female
Noah Tanaka,691-34-2139,751 Sunset Blvd,Nigeria,64,male
Wei Silva,987-22-7227,4555 River Ln,South Africa,47,male
Maria Khan,786-44-2169,9981 Sunset Blvd,Mexico,44,female
Noah Kim,488-44-4598,5314 Main St,Ecuador,77,male
James Khan,167-37-6155,3484 Sunset Blvd,United States,52,male
Fatima Mueller,242-41-9830,4305 Sunset Blvd,Colombia,51,female
Camila Nguyen,241-75-9085,1490 Main St,Mexico,46,female
Carlos Garcia,710-18-7304,6253 Elm St,Kenya,72,male
Emma Tanaka,796-24-9797,4372 Sunset Blvd,Sweden,19,female
Patricia Tanaka,564-10-5315,8202 Oak Ave,France,38,female
Wei Rossi,256-57-3646,8838 Elm St,China,43,male
Diego Khan,214-56-6038,3924 Main St,Italy,20,male
Diego Silva,935-18-9727,2061 Oak Ave,Brazil,80,male
Emma Garcia,993-87-7932,3471 Elm St,Uruguay,85,female
Wei Nguyen,548-76-8397,1983 Oak Ave,Japan,65,male
John Khan,335-85-4608,118 Main St,Argentina,88,male
Miguel Silva,980-52-2160,8424 Oak Ave,Australia,22,male
Olivia Kim,840-83-8744,3982 River Ln,Sweden,34,female
Sofia Silva,462-64-7735,7652 Sunset Blvd,Chile,73,female
John Smith,919-23-5073,3140 Oak Ave,United States,61,male
Maria Nguyen,573-41-2235,7261 Elm St,Ecuador,53,female
James Rossi,195-40-3724,6659 River Ln,Nigeria,19,male
Sofia Nguyen,268-58-1035,6397 Park Rd,Australia,25,female
Mei Nguyen,777-72-3536,3112 Park Rd,South Korea,89,female
James Dubois,162-50-1936,822 Elm St,Vietnam,87,male
Emma Rossi,620-20-4044,1123 Elm St,Ecuador,25,female
Miguel Nguyen,352-84-1651,1344 River Ln,Chile,90,male
Mei Kim,344-43-7484,2145 Sunset Blvd,Japan,58,female
Olivia Khan,109-68-2638,1201 Elm St,New Zealand,27,female
Noah Tanaka,170-41-7054,4670 Oak Ave,Colombia,62,male
Emma Tanaka,108-95-5905,1698 Oak Ave,China,85,female
Patricia Silva,259-44-5616,9910 Oak Ave,Vietnam,88,female
Sofia Tanaka,357-16-2512,6940 Park Rd,Spain,80,female
James Khan,752-43-3647,7240 Elm St,Egypt,34,male
Emma Smith,807-29-9938,591 Park Rd,Chile,27,female
Ahmed Garcia,473-15-6862,3442 Sunset Blvd,Bolivia,57,male
John Khan,995-62-3532,3879 Oak Ave,Egypt,89,male
Ahmed Smith,901-62-5065,4372 Oak Ave,Ecuador,60,male
Ahmed Smith,327-35-8541,5729 Park Rd,South Africa,78,male
Miguel Smith,508-52-5564,1138 Park Rd,Japan,42,male
Emma Nguyen,439-13-2889,4280 Oak Ave,Japan,86,female
Mary Silva,453-50-8149,9933 Elm St,China,73,female
Ahmed Dubois,145-65-1027,8519 Elm St,Paraguay,50,male
Kenji Nguyen,738-50-3041,4921 Elm St,Brazil,60,male
Fatima Khan,667-26-4143,6889 Sunset Blvd,United States,55,female
Maria Dubois,515-80-1006,4979 Park Rd,United Kingdom,56,female
Ahmed Dubois,576-66-8244,3502 Elm St,China,59,male
Maria Silva,779-91-6491,1531 Oak Ave,Venezuela,83,female
Sofia Kim,147-41-8784,1194 River Ln,Colombia,21,female
Camila Kim,606-61-4997,2418 Sunset Blvd,South Korea,67,female
John Nguyen,923-99-9486,7612 Main St,Peru,40,male
John Mueller,783-77-6198,7252 Elm St,Colombia,77,male
Emma Mueller,861-70-8373,4247 Oak Ave,Australia,38,female
Emma Mueller,381-66-2269,4682 Oak Ave,India,48,female
Yuki Khan,182-27-3471,3789 River Ln,Australia,87,female
Miguel Silva,438-79-8633,6813 Main St,France,70,male
Ahmed Nguyen,977-83-7232,7815 Main St,Australia,20,male
Mei Nguyen,651-79-4613,8000 Oak Ave,South Africa,71,female
Fatima Mueller,444-95-7624,2705 River Ln,Argentina,67,female
Diego Rossi,706-82-1444,1376 Sunset Blvd,Argentina,68,male
Maria Mueller,366-58-6363,3468 River Ln,Ecuador,24,female
Yuki Nguyen,358-20-8705,318 Sunset Blvd,Uruguay,71,female
Kenji Kim,899-93-1659,509 Oak Ave,India,26,male
James Dubois,229-70-2874,9241 Oak Ave,Colombia,48,male
Mei Khan,896-30-6096,1772 Elm St,Ecuador,32,female
Wei Dubois,506-35-2245,9701 Sunset Blvd,Japan,66,male
John Tanaka,915-82-1672,5689 Elm St,South Africa,33,male
Yuki Silva,112-63-9031,1730 River Ln,Spain,61,female
Olivia Garcia,851-76-5425,8818 River Ln,France,40,female
Fatima Dubois,972-41-2419,4570 River Ln,Uruguay,59,female
Liam Dubois,444-13-9098,5326 Oak Ave,China,66,male
Sofia Khan,448-45-5526,9107 Main St,Kenya,51,female
John Kim,600-81-4937,7801 Sunset Blvd,Vietnam,70,male
Olivia Smith,326-61-4986,5017 Sunset Blvd,Brazil,55,female
Olivia Rossi,535-80-6419,5765 Sunset Blvd,Spain,62,female
Mei Tanaka,223-34-6169,1959 Sunset Blvd,Uruguay,47,female
Miguel Kim,383-85-9595,9778 Park Rd,Vietnam,79,male
Miguel Tanaka,283-48-1231,8752 Oak Ave,Peru,64,male
Mary Smith,814-26-9042,1681 Main St,Sweden,55,female
Olivia Mueller,288-16-5136,7828 Main St,Germany,61,female
Ahmed Mueller,255-29-5978,1396 Oak Ave,Brazil,24,male
Noah Nguyen,894-76-7232,7382 River Ln,China,46,male
Camila Nguyen,735-17-2625,3405 Sunset Blvd,Venezuela,90,female
Wei Silva,277-80-2229,2565 Main St,Ecuador,48,male
Olivia Dubois,133-39-5720,4633 Sunset Blvd,Italy,55,female
Patricia Kim,906-90-4241,6966 Main St,New Zealand,51,female
Carlos Tanaka,173-17-3718,5040 Elm St,Nigeria,36,male
Olivia Silva,816-61-5460,8200 Elm St,Germany,56,female
Olivia Silva,542-51-5102,424 Main St,China,23,female
Diego Dubois,690-15-3870,7709 Elm St,Argentina,52,male
Mei Garcia,750-72-2494,7701 Park Rd,United Kingdom,73,female
Yuki Khan,978-30-6403,6745 Sunset Blvd,Japan,31,female
Mei Nguyen,137-68-2442,5154 Park Rd,Nigeria,88,female
Patricia Nguyen,944-10-9889,7570 River Ln,South Africa,83,female
Miguel Rossi,740-66-1845,3336 Park Rd,Mexico,81,male
Wei Mueller,224-13-4920,2595 Park Rd,Australia,80,male
Noah Nguyen,961-24-8560,1925 Sunset Blvd,Brazil,46,male
Liam Tanaka,525-71-8736,3994 River Ln,Spain,52,male
Ahmed Kim,864-27-2143,4527 River Ln,New Zealand,83,male
Emma Tanaka,389-48-9022,2435 River Ln,Nigeria,18,female
Yuki Khan,486-68-6272,3091 Sunset Blvd,Sweden,87,female
Diego Nguyen,144-50-8749,6247 River Ln,Peru,70,male
Liam Smith,704-52-2644,7214 Main St,Colombia,82,male
Mary Garcia,176-70-5342,5547 Elm St,France,37,female
Patricia Khan,489-50-8994,8865 Main St,South Africa,86,female
Miguel Tanaka,544-22-2646,7270 Oak Ave,Peru,29,male
Mary Smith,400-55-7141,7057 Oak Ave,Canada,25,female
Noah Nguyen,274-32-2293,9986 River Ln,United Kingdom,41,male
Liam Dubois,572-91-5161,7530 Park Rd,Colombia,47,male
Liam Tanaka,261-19-8237,5662 Elm St,Japan,87,male
Fatima Tanaka,303-59-8916,1748 Oak Ave,Germany,56,female
Camila Khan,816-47-1359,6485 Park Rd,United Kingdom,55,female
Diego Smith,952-46-4770,9947 Park Rd,New Zealand,81,male
Miguel Dubois,743-22-1645,5062 River Ln,Uruguay,35,male
Diego Khan,192-47-6352,6808 Oak Ave,Vietnam,34,male
Carlos Rossi,643-74-5465,2696 Park Rd,Australia,64,male
Mei Khan,579-19-3306,3697 Sunset Blvd,Kenya,32,female
Emma Khan,114-43-9791,2025 River Ln,Brazil,68,female
Mei Dubois,210-96-4830,7725 Main St,United States,65,female
Camila Kim,750-69-5951,6690 Main St,India,26,female
James Smith,218-22-4846,8808 Oak Ave,Venezuela,81,male
Olivia Khan,529-85-3531,6798 Sunset Blvd,Japan,87,female
Liam Dubois,133-98-7070,3560 River Ln,France,53,male
Sofia Khan,657-92-6876,993 River Ln,Chile,65,female
Sofia Silva,193-94-4475,9784 Main St,South Africa,76,female
Kenji Kim,310-18-4394,9608 Oak Ave,Colombia,90,male
Kenji Garcia,383-28-3129,8851 Park Rd,Kenya,18,male
John Smith,466-40-6304,259 Oak Ave,Colombia,19,male
Mary Garcia,638-24-2041,7803 River Ln,Vietnam,71,female
Emma Dubois,615-38-1710,8544 Park Rd,Chile,75,female
Mary Smith,536-97-2768,8033 Sunset Blvd,Italy,69,female
Patricia Silva,167-26-5505,9591 Elm St,Canada,36,female
Fatima Dubois,564-74-8048,1625 Sunset Blvd,Spain,55,female
Noah Kim,333-62-6553,7431 River Ln,France,75,male
Patricia Khan,781-42-7132,2501 Sunset Blvd,France,58,female
Patricia Silva,195-65-2582,6106 Oak Ave,Nigeria,28,female
Diego Rossi,786-25-7730,5794 Sunset Blvd,Sweden,60,male
Mary Tanaka,460-23-9313,3486 Oak Ave,China,57,female
Sofia Silva,476-24-5564,9407 Oak Ave,Mexico,89,female
Emma Dubois,126-87-5381,475 Oak Ave,China,89,female
Mei Khan,285-28-7566,1141 Oak Ave,Mexico,18,female
John Rossi,529-68-6585,2579 Park Rd,Paraguay,66,male
Yuki Dubois,153-29-3579,816 Sunset Blvd,China,28,female
Wei Mueller,597-87-8242,6786 Park Rd,Japan,72,male
Noah Silva,213-46-8972,8634 Sunset Blvd,Mexico,73,male
Mary Kim,107-36-5938,3461 Oak Ave,United States,25,female
Mei Khan,609-65-3878,2117 River Ln,Chile,18,female
Noah Rossi,173-60-1693,7148 Main St,Nigeria,63,male
Patricia Khan,687-61-7843,4744 Main St,United Kingdom,72,female
Mary Khan,951-98-6928,1444 River Ln,Ecuador,76,female
Miguel Nguyen,636-20-7484,5084 Sunset Blvd,United Kingdom,69,male
Sofia Khan,178-75-2868,8694 Elm St,Egypt,39,female
Kenji Khan,341-23-3399,4194 Oak Ave,Vietnam,36,male
Diego Garcia,281-90-9095,7602 Elm St,Egypt,27,male
Camila Dubois,254-66-2118,7683 River Ln,Canada,58,female
Mei Dubois,619-19-6085,7566 River Ln,Bolivia,63,female
James Khan,178-92-2479,9734 Elm St,Nigeria,54,male
Olivia Dubois,560-83-4084,5268 Elm St,Sweden,23,female
Emma Garcia,205-53-2381,8267 Sunset Blvd,Bolivia,75,female
James Kim,549-77-9564,9992 Oak Ave,South Korea,74,male
Yuki Tanaka,893-53-1857,5483 Main St,United States,70,female
Patricia Rossi,390-42-3463,5462 Main St,Japan,67,female
Kenji Tanaka,232-86-2388,5073 Elm St,India,68,male
Yuki Garcia,195-92-7937,8332 Park Rd,Japan,85,female
Kenji Tanaka,449-72-4145,3712 Oak Ave,Ecuador,45,male
John Tanaka,619-79-9626,619 Sunset Blvd,South Africa,30,male
Camila Garcia,257-30-3962,2713 Sunset Blvd,China,66,female
Mary Nguyen,554-88-5668,7356 Oak Ave,Mexico,48,female
Wei Mueller,476-96-8218,7565 Park Rd,Australia,42,male
Emma Rossi,936-35-3267,4097 Main St,France,38,female
Yuki Rossi,828-76-3042,4671 Main St,New Zealand,31,female
Wei Mueller,250-65-2502,3638 River Ln,Australia,83,male
Mary Nguyen,614-57-4862,6327 Main St,Bolivia,68,female
Sofia Smith,959-93-6493,2393 Oak Ave,Canada,30,female
Wei Mueller,877-70-8349,87 Main St,South Korea,35,male
Wei Kim,661-87-9647,6935 Main St,Nigeria,37,male
Sofia Tanaka,344-63-8489,1030 Main St,Chile,24,female
Camila Rossi,688-40-3352,4773 River Ln,Argentina,83,female
Diego Khan,291-95-2402,8577 Park Rd,Peru,71,male
Noah Rossi,667-12-7397,7703 Main St,Spain,82,male
Yuki Tanaka,465-18-6649,3951 Sunset Blvd,Vietnam,20,female
Diego Khan,460-79-6546,2869 Sunset Blvd,Colombia,23,male
Olivia Garcia,164-68-1605,4808 Oak Ave,Kenya,35,female
Miguel Smith,627-60-9897,7757 Park Rd,Canada,57,male
Miguel Tanaka,986-93-6438,4477 Main St,Mexico,24,male
Fatima Nguyen,495-53-4060,8130 Sunset Blvd,Vietnam,74,female
Yuki Rossi,844-64-2293,7056 Elm St,Uruguay,28,female
Noah Tanaka,181-51-5843,5022 River Ln,Canada,31,male
Maria Mueller,143-55-8126,4499 Sunset Blvd,Mexico,75,female
John Nguyen,920-96-3621,511 Oak Ave,Mexico,83,male
Mary Garcia,897-92-7001,5934 River Ln,Brazil,48,female
Diego Garcia,479-57-8273,1260 Elm St,Japan,75,male
Noah Khan,765-45-5089,1859 Main St,United States,58,male
Liam Rossi,220-43-5264,7312 Oak Ave,United States,89,male
Olivia Kim,973-19-8406,2829 Sunset Blvd,Chile,35,female
